perfRun,term,condition,status,operation,span,startMs,durationMs,meta
bl20261006-r00-jbl-first-A,jbl,first,invalid,facets,compatibilityArgs,0,37,
bl20261006-r00-jbl-first-A,jbl,first,invalid,facets,settings,37,35,
bl20261006-r00-jbl-first-A,jbl,first,invalid,facets,resultSet.cacheHit,72,0,
bl20261006-r00-jbl-first-A,jbl,first,invalid,facets,local.buildFacets,175,99,
bl20261006-r00-jbl-first-A,jbl,first,invalid,facets,local.filter,274,0,
bl20261006-r00-jbl-first-A,jbl,first,invalid,facets,local.page,274,0,"{""hydrated"":250,""recordsFiltered"":250,""facetGroups"":22}"
bl20261006-r00-jbl-first-A,jbl,first,invalid,productSearch,compatibilityArgs,0,42,
bl20261006-r00-jbl-first-A,jbl,first,invalid,productSearch,settings,42,35,
bl20261006-r00-jbl-first-A,jbl,first,invalid,productSearch,resultSet.cacheHit,77,0,
bl20261006-r00-jbl-first-A,jbl,first,invalid,productSearch,local.buildFacets,77,103,
bl20261006-r00-jbl-first-A,jbl,first,invalid,productSearch,local.filter,180,0,
bl20261006-r00-jbl-first-A,jbl,first,invalid,productSearch,local.page,180,0,"{""hydrated"":250,""recordsFiltered"":250,""returned"":48}"
bl20261006-r00-jbl-first-A,jbl,first,invalid,productSearch,compatibilityArgs,0,0,
bl20261006-r00-jbl-first-A,jbl,first,invalid,productSearch,settings,0,31,
bl20261006-r00-jbl-first-A,jbl,first,invalid,productSearch,gopersonal.search,31,602,"{""ids"":250}"
bl20261006-r00-jbl-first-A,jbl,first,invalid,productSearch,catalog.batch1,633,399,"{""ids"":50,""found"":50}"
bl20261006-r00-jbl-first-A,jbl,first,invalid,productSearch,catalog.batch0,633,435,"{""ids"":50,""found"":50}"
bl20261006-r00-jbl-first-A,jbl,first,invalid,productSearch,catalog.batch2,633,465,"{""ids"":50,""found"":50}"
bl20261006-r00-jbl-first-A,jbl,first,invalid,productSearch,catalog.batch4,634,543,"{""ids"":50,""found"":50}"
bl20261006-r00-jbl-first-A,jbl,first,invalid,productSearch,catalog.batch3,634,830,"{""ids"":50,""found"":50}"
bl20261006-r00-jbl-first-A,jbl,first,invalid,productSearch,catalog.hydrate,633,833,"{""requested"":250,""found"":250}"
bl20261006-r00-jbl-first-A,jbl,first,invalid,productSearch,filterableFields.memoryHit,1467,0,"{""knownFields"":1068}"
bl20261006-r00-jbl-first-A,jbl,first,invalid,productSearch,catalog.filterableFields,1467,0,"{""fields"":129,""filterable"":20}"
bl20261006-r00-jbl-first-A,jbl,first,invalid,productSearch,resultSet.load,31,1436,
bl20261006-r00-jbl-first-A,jbl,first,invalid,productSearch,local.buildFacets,1467,107,
bl20261006-r00-jbl-first-A,jbl,first,invalid,productSearch,local.filter,1574,10,
bl20261006-r00-jbl-first-A,jbl,first,invalid,productSearch,local.page,1584,0,"{""hydrated"":250,""recordsFiltered"":191,""returned"":50}"
bl20261006-r00-jbl-first-A,jbl,first,invalid,productSearch,compatibilityArgs,0,0,
bl20261006-r00-jbl-first-A,jbl,first,invalid,productSearch,settings,0,11,
bl20261006-r00-jbl-first-A,jbl,first,invalid,productSearch,resultSet.cacheHit,11,0,
bl20261006-r00-jbl-first-A,jbl,first,invalid,productSearch,local.buildFacets,11,99,
bl20261006-r00-jbl-first-A,jbl,first,invalid,productSearch,local.filter,110,10,
bl20261006-r00-jbl-first-A,jbl,first,invalid,productSearch,local.page,120,0,"{""hydrated"":250,""recordsFiltered"":191,""returned"":50}"
bl20261006-r00-jbl-first-A,jbl,first,invalid,productSearch,compatibilityArgs,0,1,
bl20261006-r00-jbl-first-A,jbl,first,invalid,productSearch,settings,3,128,
bl20261006-r00-jbl-first-A,jbl,first,invalid,productSearch,gopersonal.search,131,881,"{""ids"":250}"
bl20261006-r00-jbl-first-A,jbl,first,invalid,productSearch,catalog.batch1,1013,151,"{""ids"":50,""found"":50}"
bl20261006-r00-jbl-first-A,jbl,first,invalid,productSearch,catalog.batch3,1014,167,"{""ids"":50,""found"":50}"
bl20261006-r00-jbl-first-A,jbl,first,invalid,productSearch,catalog.batch2,1013,194,"{""ids"":50,""found"":50}"
bl20261006-r00-jbl-first-A,jbl,first,invalid,productSearch,catalog.batch0,1013,210,"{""ids"":50,""found"":50}"
bl20261006-r00-jbl-first-A,jbl,first,invalid,productSearch,catalog.batch4,1014,234,"{""ids"":50,""found"":50}"
bl20261006-r00-jbl-first-A,jbl,first,invalid,productSearch,catalog.hydrate,1012,246,"{""requested"":250,""found"":250}"
bl20261006-r00-jbl-first-A,jbl,first,invalid,productSearch,vbase.filterableFields,1260,37,"{""knownFields"":1068}"
bl20261006-r00-jbl-first-A,jbl,first,invalid,productSearch,catalog.unknownFields,1297,0,"{""unknown"":0}"
bl20261006-r00-jbl-first-A,jbl,first,invalid,productSearch,catalog.filterableFields,1259,38,"{""fields"":129,""filterable"":20}"
bl20261006-r00-jbl-first-A,jbl,first,invalid,productSearch,resultSet.load,131,1166,
bl20261006-r00-jbl-first-A,jbl,first,invalid,productSearch,local.buildFacets,1297,122,
bl20261006-r00-jbl-first-A,jbl,first,invalid,productSearch,local.filter,1419,0,
bl20261006-r00-jbl-first-A,jbl,first,invalid,productSearch,local.page,1419,0,"{""hydrated"":250,""recordsFiltered"":250,""returned"":48}"
bl20261006-r00-jbl-first-A,jbl,first,invalid,facets,compatibilityArgs,0,8,
bl20261006-r00-jbl-first-A,jbl,first,invalid,facets,settings,8,7,
bl20261006-r00-jbl-first-A,jbl,first,invalid,facets,resultSet.cacheHit,16,0,
bl20261006-r00-jbl-first-A,jbl,first,invalid,facets,local.buildFacets,16,102,
bl20261006-r00-jbl-first-A,jbl,first,invalid,facets,local.filter,118,0,
bl20261006-r00-jbl-first-A,jbl,first,invalid,facets,local.page,118,0,"{""hydrated"":250,""recordsFiltered"":250,""facetGroups"":22}"
bl20261006-r00-jbl-first-A,jbl,first,invalid,productSearch,compatibilityArgs,0,61,
bl20261006-r00-jbl-first-A,jbl,first,invalid,productSearch,settings,62,6,
bl20261006-r00-jbl-first-A,jbl,first,invalid,productSearch,resultSet.cacheHit,68,0,
bl20261006-r00-jbl-first-A,jbl,first,invalid,productSearch,local.buildFacets,68,104,
bl20261006-r00-jbl-first-A,jbl,first,invalid,productSearch,local.filter,172,0,
bl20261006-r00-jbl-first-A,jbl,first,invalid,productSearch,local.page,172,0,"{""hydrated"":250,""recordsFiltered"":250,""returned"":48}"
bl20261006-r00-jbl-first-A,jbl,first,invalid,productSearch,compatibilityArgs,0,0,
bl20261006-r00-jbl-first-A,jbl,first,invalid,productSearch,settings,0,5,
bl20261006-r00-jbl-first-A,jbl,first,invalid,productSearch,gopersonal.search,5,1354,"{""ids"":250}"
bl20261006-r00-jbl-first-A,jbl,first,invalid,productSearch,catalog.batch4,1360,629,"{""ids"":50,""found"":50}"
bl20261006-r00-jbl-first-A,jbl,first,invalid,productSearch,catalog.batch3,1359,827,"{""ids"":50,""found"":50}"
bl20261006-r00-jbl-first-A,jbl,first,invalid,productSearch,catalog.batch0,1359,1427,"{""ids"":50,""found"":50}"
bl20261006-r00-jbl-first-A,jbl,first,invalid,productSearch,catalog.batch1,1359,1896,"{""ids"":50,""found"":50}"
bl20261006-r00-jbl-first-A,jbl,first,invalid,productSearch,catalog.batch2,1359,2130,"{""ids"":50,""found"":50}"
bl20261006-r00-jbl-first-A,jbl,first,invalid,productSearch,catalog.hydrate,1359,2132,"{""requested"":250,""found"":250}"
bl20261006-r00-jbl-first-A,jbl,first,invalid,productSearch,filterableFields.memoryHit,3492,0,"{""knownFields"":1068}"
bl20261006-r00-jbl-first-A,jbl,first,invalid,productSearch,catalog.filterableFields,3492,1,"{""fields"":129,""filterable"":20}"
bl20261006-r00-jbl-first-A,jbl,first,invalid,productSearch,resultSet.load,5,3488,
bl20261006-r00-jbl-first-A,jbl,first,invalid,productSearch,local.buildFacets,3493,105,
bl20261006-r00-jbl-first-A,jbl,first,invalid,productSearch,local.filter,3598,10,
bl20261006-r00-jbl-first-A,jbl,first,invalid,productSearch,local.page,3608,0,"{""hydrated"":250,""recordsFiltered"":191,""returned"":50}"
bl20261006-r00-jbl-first-A,jbl,first,invalid,productSearch,compatibilityArgs,0,0,
bl20261006-r00-jbl-first-A,jbl,first,invalid,productSearch,settings,0,6,
bl20261006-r00-jbl-first-A,jbl,first,invalid,productSearch,resultSet.cacheHit,6,0,
bl20261006-r00-jbl-first-A,jbl,first,invalid,productSearch,local.buildFacets,6,102,
bl20261006-r00-jbl-first-A,jbl,first,invalid,productSearch,local.filter,108,10,
bl20261006-r00-jbl-first-A,jbl,first,invalid,productSearch,local.page,118,0,"{""hydrated"":250,""recordsFiltered"":191,""returned"":50}"
bl20261006-r00-jbl-first-A,jbl,first,invalid,productSearch,compatibilityArgs,0,0,
bl20261006-r00-jbl-first-A,jbl,first,invalid,productSearch,settings,0,6,
bl20261006-r00-jbl-first-A,jbl,first,invalid,productSearch,resultSet.cacheHit,6,0,
bl20261006-r00-jbl-first-A,jbl,first,invalid,productSearch,local.buildFacets,6,105,
bl20261006-r00-jbl-first-A,jbl,first,invalid,productSearch,local.filter,111,11,
bl20261006-r00-jbl-first-A,jbl,first,invalid,productSearch,local.page,122,0,"{""hydrated"":250,""recordsFiltered"":191,""returned"":50}"
bl20261006-r00-jbl-first-A,jbl,first,invalid,productSearch,compatibilityArgs,0,0,
bl20261006-r00-jbl-first-A,jbl,first,invalid,productSearch,settings,0,303,
bl20261006-r00-jbl-first-A,jbl,first,invalid,productSearch,compatibilityArgs,0,0,
bl20261006-r00-jbl-first-A,jbl,first,invalid,productSearch,settings,0,5,
bl20261006-r00-jbl-first-A,jbl,first,invalid,productSearch,resultSet.cacheHit,5,0,
bl20261006-r00-jbl-first-A,jbl,first,invalid,productSearch,local.buildFacets,5,103,
bl20261006-r00-jbl-first-A,jbl,first,invalid,productSearch,local.filter,108,10,
bl20261006-r00-jbl-first-A,jbl,first,invalid,productSearch,local.page,118,0,"{""hydrated"":250,""recordsFiltered"":191,""returned"":41}"
bl20261006-r00-jbl-repeat-B,jbl,repeat,clean,facets,compatibilityArgs,0,0,
bl20261006-r00-jbl-repeat-B,jbl,repeat,clean,facets,settings,0,6,
bl20261006-r00-jbl-repeat-B,jbl,repeat,clean,facets,resultSet.cacheHit,6,0,
bl20261006-r00-jbl-repeat-B,jbl,repeat,clean,facets,local.buildFacets,6,102,
bl20261006-r00-jbl-repeat-B,jbl,repeat,clean,facets,local.filter,108,0,
bl20261006-r00-jbl-repeat-B,jbl,repeat,clean,facets,local.page,108,0,"{""hydrated"":250,""recordsFiltered"":250,""facetGroups"":22}"
bl20261006-r00-jbl-repeat-B,jbl,repeat,clean,productSearch,compatibilityArgs,0,0,
bl20261006-r00-jbl-repeat-B,jbl,repeat,clean,productSearch,settings,0,0,
bl20261006-r00-jbl-repeat-B,jbl,repeat,clean,productSearch,resultSet.cacheHit,0,0,
bl20261006-r00-jbl-repeat-B,jbl,repeat,clean,productSearch,local.buildFacets,102,102,
bl20261006-r00-jbl-repeat-B,jbl,repeat,clean,productSearch,local.filter,204,0,
bl20261006-r00-jbl-repeat-B,jbl,repeat,clean,productSearch,local.page,204,0,"{""hydrated"":250,""recordsFiltered"":250,""returned"":48}"
bl20261006-r00-jbl-repeat-B,jbl,repeat,clean,productSearch,compatibilityArgs,0,10,
bl20261006-r00-jbl-repeat-B,jbl,repeat,clean,productSearch,settings,11,4,
bl20261006-r00-jbl-repeat-B,jbl,repeat,clean,productSearch,resultSet.cacheHit,15,0,
bl20261006-r00-jbl-repeat-B,jbl,repeat,clean,productSearch,local.buildFacets,15,108,
bl20261006-r00-jbl-repeat-B,jbl,repeat,clean,productSearch,local.filter,123,0,
bl20261006-r00-jbl-repeat-B,jbl,repeat,clean,productSearch,local.page,123,0,"{""hydrated"":250,""recordsFiltered"":250,""returned"":48}"
bl20261006-r00-jbl-repeat-B,jbl,repeat,clean,facets,compatibilityArgs,0,5,
bl20261006-r00-jbl-repeat-B,jbl,repeat,clean,facets,settings,5,6,
bl20261006-r00-jbl-repeat-B,jbl,repeat,clean,facets,resultSet.cacheHit,11,0,
bl20261006-r00-jbl-repeat-B,jbl,repeat,clean,facets,local.buildFacets,11,119,
bl20261006-r00-jbl-repeat-B,jbl,repeat,clean,facets,local.filter,130,0,
bl20261006-r00-jbl-repeat-B,jbl,repeat,clean,facets,local.page,130,0,"{""hydrated"":250,""recordsFiltered"":250,""facetGroups"":22}"
bl20261006-r00-jbl-repeat-B,jbl,repeat,clean,productSearch,compatibilityArgs,0,0,
bl20261006-r00-jbl-repeat-B,jbl,repeat,clean,productSearch,settings,0,5,
bl20261006-r00-jbl-repeat-B,jbl,repeat,clean,productSearch,resultSet.cacheHit,5,0,
bl20261006-r00-jbl-repeat-B,jbl,repeat,clean,productSearch,local.buildFacets,5,103,
bl20261006-r00-jbl-repeat-B,jbl,repeat,clean,productSearch,local.filter,108,11,
bl20261006-r00-jbl-repeat-B,jbl,repeat,clean,productSearch,local.page,119,0,"{""hydrated"":250,""recordsFiltered"":191,""returned"":50}"
bl20261006-r00-jbl-repeat-B,jbl,repeat,clean,productSearch,compatibilityArgs,0,0,
bl20261006-r00-jbl-repeat-B,jbl,repeat,clean,productSearch,settings,0,5,
bl20261006-r00-jbl-repeat-B,jbl,repeat,clean,productSearch,resultSet.cacheHit,6,0,
bl20261006-r00-jbl-repeat-B,jbl,repeat,clean,productSearch,local.buildFacets,6,102,
bl20261006-r00-jbl-repeat-B,jbl,repeat,clean,productSearch,local.filter,108,10,
bl20261006-r00-jbl-repeat-B,jbl,repeat,clean,productSearch,local.page,118,0,"{""hydrated"":250,""recordsFiltered"":191,""returned"":50}"
bl20261006-r00-jbl-repeat-B,jbl,repeat,clean,productSearch,compatibilityArgs,0,0,
bl20261006-r00-jbl-repeat-B,jbl,repeat,clean,productSearch,settings,0,5,
bl20261006-r00-jbl-repeat-B,jbl,repeat,clean,productSearch,resultSet.cacheHit,6,0,
bl20261006-r00-jbl-repeat-B,jbl,repeat,clean,productSearch,local.buildFacets,6,102,
bl20261006-r00-jbl-repeat-B,jbl,repeat,clean,productSearch,local.filter,108,10,
bl20261006-r00-jbl-repeat-B,jbl,repeat,clean,productSearch,local.page,118,0,"{""hydrated"":250,""recordsFiltered"":191,""returned"":50}"
bl20261006-r00-jbl-repeat-B,jbl,repeat,clean,productSearch,compatibilityArgs,0,0,
bl20261006-r00-jbl-repeat-B,jbl,repeat,clean,productSearch,settings,0,5,
bl20261006-r00-jbl-repeat-B,jbl,repeat,clean,productSearch,resultSet.cacheHit,5,0,
bl20261006-r00-jbl-repeat-B,jbl,repeat,clean,productSearch,local.buildFacets,5,103,
bl20261006-r00-jbl-repeat-B,jbl,repeat,clean,productSearch,local.filter,108,10,
bl20261006-r00-jbl-repeat-B,jbl,repeat,clean,productSearch,local.page,118,0,"{""hydrated"":250,""recordsFiltered"":191,""returned"":41}"
bl20261006-r00-jbl-repeat-B,jbl,repeat,clean,productSearch,compatibilityArgs,0,0,
bl20261006-r00-jbl-repeat-B,jbl,repeat,clean,productSearch,settings,0,6,
bl20261006-r00-jbl-page2-A,jbl,page2,clean,productSearch,compatibilityArgs,0,5,
bl20261006-r00-jbl-page2-A,jbl,page2,clean,productSearch,settings,5,5,
bl20261006-r00-jbl-page2-A,jbl,page2,clean,productSearch,resultSet.cacheHit,10,0,
bl20261006-r00-jbl-page2-A,jbl,page2,clean,productSearch,local.buildFacets,10,102,
bl20261006-r00-jbl-page2-A,jbl,page2,clean,productSearch,local.filter,112,0,
bl20261006-r00-jbl-page2-A,jbl,page2,clean,productSearch,local.page,112,0,"{""hydrated"":250,""recordsFiltered"":250,""returned"":48}"
bl20261006-r00-jbl-filter-B,jbl,filter,invalid,facets,compatibilityArgs,0,0,
bl20261006-r00-jbl-filter-B,jbl,filter,invalid,facets,settings,0,7,
bl20261006-r00-jbl-filter-B,jbl,filter,invalid,facets,resultSet.cacheHit,7,0,
bl20261006-r00-jbl-filter-B,jbl,filter,invalid,facets,local.buildFacets,7,117,
bl20261006-r00-jbl-filter-B,jbl,filter,invalid,facets,local.filter,124,16,
bl20261006-r00-jbl-filter-B,jbl,filter,invalid,facets,local.page,140,0,"{""hydrated"":250,""recordsFiltered"":125,""facetGroups"":22}"
bl20261006-r00-jbl-filter-B,jbl,filter,invalid,productSearch,compatibilityArgs,0,0,
bl20261006-r00-jbl-filter-B,jbl,filter,invalid,productSearch,settings,1,5,
bl20261006-r00-jbl-filter-B,jbl,filter,invalid,productSearch,resultSet.cacheHit,6,0,
bl20261006-r00-jbl-filter-B,jbl,filter,invalid,productSearch,local.buildFacets,6,103,
bl20261006-r00-jbl-filter-B,jbl,filter,invalid,productSearch,local.filter,109,16,
bl20261006-r00-jbl-filter-B,jbl,filter,invalid,productSearch,local.page,125,0,"{""hydrated"":250,""recordsFiltered"":125,""returned"":48}"
bl20261006-r00-jbl-filter-B,jbl,filter,invalid,productSearch,compatibilityArgs,0,0,
bl20261006-r00-jbl-filter-B,jbl,filter,invalid,productSearch,settings,0,5,
bl20261006-r00-jbl-filter-B,jbl,filter,invalid,productSearch,resultSet.cacheHit,5,0,
bl20261006-r00-jbl-filter-B,jbl,filter,invalid,productSearch,local.buildFacets,5,116,
bl20261006-r00-jbl-filter-B,jbl,filter,invalid,productSearch,local.filter,121,10,
bl20261006-r00-jbl-filter-B,jbl,filter,invalid,productSearch,local.page,131,0,"{""hydrated"":250,""recordsFiltered"":191,""returned"":50}"
bl20261006-r00-jbl-filter-B,jbl,filter,invalid,productSearch,compatibilityArgs,0,0,
bl20261006-r00-jbl-filter-B,jbl,filter,invalid,productSearch,settings,0,4,
bl20261006-r00-jbl-filter-B,jbl,filter,invalid,productSearch,resultSet.cacheHit,4,0,
bl20261006-r00-jbl-filter-B,jbl,filter,invalid,productSearch,local.buildFacets,137,100,
bl20261006-r00-jbl-filter-B,jbl,filter,invalid,productSearch,local.filter,237,16,
bl20261006-r00-jbl-filter-B,jbl,filter,invalid,productSearch,local.page,253,0,"{""hydrated"":250,""recordsFiltered"":125,""returned"":48}"
bl20261006-r00-jbl-filter-B,jbl,filter,invalid,productSearch,compatibilityArgs,0,0,
bl20261006-r00-jbl-filter-B,jbl,filter,invalid,productSearch,settings,0,5,
bl20261006-r00-jbl-filter-B,jbl,filter,invalid,productSearch,resultSet.cacheHit,5,0,
bl20261006-r00-jbl-filter-B,jbl,filter,invalid,productSearch,local.buildFacets,5,100,
bl20261006-r00-jbl-filter-B,jbl,filter,invalid,productSearch,local.filter,105,10,
bl20261006-r00-jbl-filter-B,jbl,filter,invalid,productSearch,local.page,115,0,"{""hydrated"":250,""recordsFiltered"":191,""returned"":50}"
bl20261006-r00-jbl-filter-B,jbl,filter,invalid,productSearch,compatibilityArgs,0,0,
bl20261006-r00-jbl-filter-B,jbl,filter,invalid,productSearch,settings,0,6,
bl20261006-r00-jbl-filter-B,jbl,filter,invalid,productSearch,resultSet.cacheHit,6,0,
bl20261006-r00-jbl-filter-B,jbl,filter,invalid,productSearch,local.buildFacets,6,100,
bl20261006-r00-jbl-filter-B,jbl,filter,invalid,productSearch,local.filter,106,11,
bl20261006-r00-jbl-filter-B,jbl,filter,invalid,productSearch,local.page,117,0,"{""hydrated"":250,""recordsFiltered"":191,""returned"":50}"
bl20261006-r00-jbl-filter-B,jbl,filter,invalid,productSearch,compatibilityArgs,0,0,
bl20261006-r00-jbl-filter-B,jbl,filter,invalid,productSearch,settings,0,6,
bl20261006-r00-jbl-filter-B,jbl,filter,invalid,productSearch,resultSet.cacheHit,6,0,
bl20261006-r00-jbl-filter-B,jbl,filter,invalid,productSearch,local.buildFacets,6,101,
bl20261006-r00-jbl-filter-B,jbl,filter,invalid,productSearch,local.filter,107,10,
bl20261006-r00-jbl-filter-B,jbl,filter,invalid,productSearch,local.page,117,0,"{""hydrated"":250,""recordsFiltered"":191,""returned"":41}"
bl20261006-r00-audifonos-first-A,audifonos,first,invalid,facets,compatibilityArgs,0,0,
bl20261006-r00-audifonos-first-A,audifonos,first,invalid,facets,settings,0,5,
bl20261006-r00-audifonos-first-A,audifonos,first,invalid,facets,gopersonal.search,5,560,"{""ids"":44}"
bl20261006-r00-audifonos-first-A,audifonos,first,invalid,facets,catalog.batch0,566,1234,"{""ids"":44,""found"":44}"
bl20261006-r00-audifonos-first-A,audifonos,first,invalid,facets,catalog.hydrate,565,1236,"{""requested"":44,""found"":44}"
bl20261006-r00-audifonos-first-A,audifonos,first,invalid,facets,filterableFields.memoryHit,1801,0,"{""knownFields"":1068}"
bl20261006-r00-audifonos-first-A,audifonos,first,invalid,facets,catalog.filterableFields,1801,0,"{""fields"":48,""filterable"":10}"
bl20261006-r00-audifonos-first-A,audifonos,first,invalid,facets,resultSet.load,5,1796,
bl20261006-r00-audifonos-first-A,audifonos,first,invalid,facets,local.buildFacets,1801,19,
bl20261006-r00-audifonos-first-A,audifonos,first,invalid,facets,local.filter,1820,0,
bl20261006-r00-audifonos-first-A,audifonos,first,invalid,facets,local.page,1820,0,"{""hydrated"":44,""recordsFiltered"":44,""facetGroups"":14}"
bl20261006-r00-audifonos-first-A,audifonos,first,invalid,productSearch,compatibilityArgs,0,0,
bl20261006-r00-audifonos-first-A,audifonos,first,invalid,productSearch,settings,0,6,
bl20261006-r00-audifonos-first-A,audifonos,first,invalid,productSearch,resultSet.awaitInflight,6,1753,
bl20261006-r00-audifonos-first-A,audifonos,first,invalid,productSearch,local.buildFacets,1778,20,
bl20261006-r00-audifonos-first-A,audifonos,first,invalid,productSearch,local.filter,1798,0,
bl20261006-r00-audifonos-first-A,audifonos,first,invalid,productSearch,local.page,1798,0,"{""hydrated"":44,""recordsFiltered"":44,""returned"":44}"
bl20261006-r00-audifonos-first-A,audifonos,first,invalid,productSearch,compatibilityArgs,0,0,
bl20261006-r00-audifonos-first-A,audifonos,first,invalid,productSearch,settings,0,6,
bl20261006-r00-audifonos-first-A,audifonos,first,invalid,productSearch,resultSet.cacheHit,6,0,
bl20261006-r00-audifonos-first-A,audifonos,first,invalid,productSearch,local.buildFacets,6,18,
bl20261006-r00-audifonos-first-A,audifonos,first,invalid,productSearch,local.filter,24,0,
bl20261006-r00-audifonos-first-A,audifonos,first,invalid,productSearch,local.page,24,0,"{""hydrated"":44,""recordsFiltered"":44,""returned"":44}"
bl20261006-r00-audifonos-first-A,audifonos,first,invalid,facets,compatibilityArgs,0,0,
bl20261006-r00-audifonos-first-A,audifonos,first,invalid,facets,settings,0,6,
bl20261006-r00-audifonos-first-A,audifonos,first,invalid,facets,resultSet.cacheHit,6,0,
bl20261006-r00-audifonos-first-A,audifonos,first,invalid,facets,local.buildFacets,6,19,
bl20261006-r00-audifonos-first-A,audifonos,first,invalid,facets,local.filter,25,0,
bl20261006-r00-audifonos-first-A,audifonos,first,invalid,facets,local.page,25,0,"{""hydrated"":44,""recordsFiltered"":44,""facetGroups"":14}"
bl20261006-r00-audifonos-first-A,audifonos,first,invalid,productSearch,compatibilityArgs,0,0,
bl20261006-r00-audifonos-first-A,audifonos,first,invalid,productSearch,settings,0,32,
bl20261006-r00-audifonos-first-A,audifonos,first,invalid,productSearch,gopersonal.search,32,401,"{""ids"":44}"
bl20261006-r00-audifonos-first-A,audifonos,first,invalid,productSearch,catalog.batch0,433,1094,"{""ids"":44,""found"":44}"
bl20261006-r00-audifonos-first-A,audifonos,first,invalid,productSearch,catalog.hydrate,433,1094,"{""requested"":44,""found"":44}"
bl20261006-r00-audifonos-first-A,audifonos,first,invalid,productSearch,filterableFields.memoryHit,1528,0,"{""knownFields"":1068}"
bl20261006-r00-audifonos-first-A,audifonos,first,invalid,productSearch,catalog.filterableFields,1527,1,"{""fields"":48,""filterable"":10}"
bl20261006-r00-audifonos-first-A,audifonos,first,invalid,productSearch,resultSet.load,32,1496,
bl20261006-r00-audifonos-first-A,audifonos,first,invalid,productSearch,local.buildFacets,1528,21,
bl20261006-r00-audifonos-first-A,audifonos,first,invalid,productSearch,local.filter,1549,0,
bl20261006-r00-audifonos-first-A,audifonos,first,invalid,productSearch,local.page,1549,0,"{""hydrated"":44,""recordsFiltered"":44,""returned"":44}"
bl20261006-r00-audifonos-first-A,audifonos,first,invalid,productSearch,compatibilityArgs,0,0,
bl20261006-r00-audifonos-first-A,audifonos,first,invalid,productSearch,settings,0,5,
bl20261006-r00-audifonos-first-A,audifonos,first,invalid,facets,compatibilityArgs,1,0,
bl20261006-r00-audifonos-first-A,audifonos,first,invalid,facets,settings,1,5,
bl20261006-r00-audifonos-first-A,audifonos,first,invalid,facets,resultSet.cacheHit,6,0,
bl20261006-r00-audifonos-first-A,audifonos,first,invalid,facets,local.buildFacets,6,19,
bl20261006-r00-audifonos-first-A,audifonos,first,invalid,facets,local.filter,25,0,
bl20261006-r00-audifonos-first-A,audifonos,first,invalid,facets,local.page,25,0,"{""hydrated"":44,""recordsFiltered"":44,""facetGroups"":14}"
bl20261006-r00-audifonos-first-A,audifonos,first,invalid,productSearch,compatibilityArgs,0,0,
bl20261006-r00-audifonos-first-A,audifonos,first,invalid,productSearch,settings,0,8,
bl20261006-r00-audifonos-first-A,audifonos,first,invalid,productSearch,resultSet.cacheHit,8,0,
bl20261006-r00-audifonos-first-A,audifonos,first,invalid,productSearch,local.buildFacets,8,19,
bl20261006-r00-audifonos-first-A,audifonos,first,invalid,productSearch,local.filter,27,0,
bl20261006-r00-audifonos-first-A,audifonos,first,invalid,productSearch,local.page,27,0,"{""hydrated"":44,""recordsFiltered"":44,""returned"":44}"
bl20261006-r00-audifonos-repeat-B,audifonos,repeat,clean,facets,compatibilityArgs,1,0,
bl20261006-r00-audifonos-repeat-B,audifonos,repeat,clean,facets,settings,1,5,
bl20261006-r00-audifonos-repeat-B,audifonos,repeat,clean,facets,resultSet.cacheHit,6,0,
bl20261006-r00-audifonos-repeat-B,audifonos,repeat,clean,facets,local.buildFacets,6,19,
bl20261006-r00-audifonos-repeat-B,audifonos,repeat,clean,facets,local.filter,25,0,
bl20261006-r00-audifonos-repeat-B,audifonos,repeat,clean,facets,local.page,25,0,"{""hydrated"":44,""recordsFiltered"":44,""facetGroups"":14}"
bl20261006-r00-audifonos-repeat-B,audifonos,repeat,clean,productSearch,compatibilityArgs,0,0,
bl20261006-r00-audifonos-repeat-B,audifonos,repeat,clean,productSearch,settings,0,8,
bl20261006-r00-audifonos-repeat-B,audifonos,repeat,clean,productSearch,resultSet.cacheHit,8,0,
bl20261006-r00-audifonos-repeat-B,audifonos,repeat,clean,productSearch,local.buildFacets,8,19,
bl20261006-r00-audifonos-repeat-B,audifonos,repeat,clean,productSearch,local.filter,27,0,
bl20261006-r00-audifonos-repeat-B,audifonos,repeat,clean,productSearch,local.page,27,0,"{""hydrated"":44,""recordsFiltered"":44,""returned"":44}"
bl20261006-r00-audifonos-repeat-B,audifonos,repeat,clean,productSearch,compatibilityArgs,0,0,
bl20261006-r00-audifonos-repeat-B,audifonos,repeat,clean,productSearch,settings,0,5,
bl20261006-r00-audifonos-repeat-B,audifonos,repeat,clean,productSearch,resultSet.cacheHit,5,0,
bl20261006-r00-audifonos-repeat-B,audifonos,repeat,clean,productSearch,local.buildFacets,5,26,
bl20261006-r00-audifonos-repeat-B,audifonos,repeat,clean,productSearch,local.filter,31,0,
bl20261006-r00-audifonos-repeat-B,audifonos,repeat,clean,productSearch,local.page,31,0,"{""hydrated"":44,""recordsFiltered"":44,""returned"":44}"
bl20261006-r00-audifonos-repeat-B,audifonos,repeat,clean,productSearch,compatibilityArgs,0,0,
bl20261006-r00-audifonos-repeat-B,audifonos,repeat,clean,productSearch,settings,0,5,
bl20261006-r00-audifonos-repeat-B,audifonos,repeat,clean,productSearch,resultSet.cacheHit,5,0,
bl20261006-r00-audifonos-repeat-B,audifonos,repeat,clean,productSearch,local.buildFacets,5,21,
bl20261006-r00-audifonos-repeat-B,audifonos,repeat,clean,productSearch,local.filter,26,0,
bl20261006-r00-audifonos-repeat-B,audifonos,repeat,clean,productSearch,local.page,26,0,"{""hydrated"":44,""recordsFiltered"":44,""returned"":44}"
bl20261006-r00-audifonos-repeat-B,audifonos,repeat,clean,facets,compatibilityArgs,0,0,
bl20261006-r00-audifonos-repeat-B,audifonos,repeat,clean,facets,settings,0,3,
bl20261006-r00-audifonos-repeat-B,audifonos,repeat,clean,facets,resultSet.cacheHit,3,0,
bl20261006-r00-audifonos-repeat-B,audifonos,repeat,clean,facets,local.buildFacets,24,19,
bl20261006-r00-audifonos-repeat-B,audifonos,repeat,clean,facets,local.filter,43,0,
bl20261006-r00-audifonos-repeat-B,audifonos,repeat,clean,facets,local.page,43,0,"{""hydrated"":44,""recordsFiltered"":44,""facetGroups"":14}"
bl20261006-r00-audifonos-repeat-B,audifonos,repeat,clean,productSearch,compatibilityArgs,0,0,
bl20261006-r00-audifonos-repeat-B,audifonos,repeat,clean,productSearch,settings,0,5,
bl20261006-r00-audifonos-filter-B,audifonos,filter,clean,productSearch,compatibilityArgs,0,0,
bl20261006-r00-audifonos-filter-B,audifonos,filter,clean,productSearch,settings,0,5,
bl20261006-r00-audifonos-filter-B,audifonos,filter,clean,productSearch,resultSet.cacheHit,5,0,
bl20261006-r00-audifonos-filter-B,audifonos,filter,clean,productSearch,local.buildFacets,5,22,
bl20261006-r00-audifonos-filter-B,audifonos,filter,clean,productSearch,local.filter,27,0,
bl20261006-r00-audifonos-filter-B,audifonos,filter,clean,productSearch,local.page,27,0,"{""hydrated"":44,""recordsFiltered"":44,""returned"":44}"
bl20261006-r00-audifonos-filter-B,audifonos,filter,clean,productSearch,compatibilityArgs,0,0,
bl20261006-r00-audifonos-filter-B,audifonos,filter,clean,productSearch,settings,0,5,
bl20261006-r00-audifonos-filter-B,audifonos,filter,clean,productSearch,resultSet.cacheHit,5,0,
bl20261006-r00-audifonos-filter-B,audifonos,filter,clean,productSearch,local.buildFacets,5,21,
bl20261006-r00-audifonos-filter-B,audifonos,filter,clean,productSearch,local.filter,26,2,
bl20261006-r00-audifonos-filter-B,audifonos,filter,clean,productSearch,local.page,28,0,"{""hydrated"":44,""recordsFiltered"":6,""returned"":6}"
bl20261006-r00-audifonos-filter-B,audifonos,filter,clean,facets,compatibilityArgs,0,0,
bl20261006-r00-audifonos-filter-B,audifonos,filter,clean,facets,settings,0,5,
bl20261006-r00-audifonos-filter-B,audifonos,filter,clean,facets,resultSet.cacheHit,5,0,
bl20261006-r00-audifonos-filter-B,audifonos,filter,clean,facets,local.buildFacets,5,20,
bl20261006-r00-audifonos-filter-B,audifonos,filter,clean,facets,local.filter,25,2,
bl20261006-r00-audifonos-filter-B,audifonos,filter,clean,facets,local.page,27,0,"{""hydrated"":44,""recordsFiltered"":6,""facetGroups"":14}"
bl20261006-r00-audifonos-filter-B,audifonos,filter,clean,facets,compatibilityArgs,0,0,
bl20261006-r00-audifonos-filter-B,audifonos,filter,clean,facets,settings,0,5,
bl20261006-r00-audifonos-filter-B,audifonos,filter,clean,facets,resultSet.cacheHit,5,0,
bl20261006-r00-audifonos-filter-B,audifonos,filter,clean,facets,local.buildFacets,5,20,
bl20261006-r00-audifonos-filter-B,audifonos,filter,clean,facets,local.filter,25,0,
bl20261006-r00-audifonos-filter-B,audifonos,filter,clean,facets,local.page,25,0,"{""hydrated"":44,""recordsFiltered"":44,""facetGroups"":14}"
bl20261006-r00-audifonos-filter-B,audifonos,filter,clean,productSearch,compatibilityArgs,0,0,
bl20261006-r00-audifonos-filter-B,audifonos,filter,clean,productSearch,settings,0,6,
bl20261006-r00-audifonos-filter-B,audifonos,filter,clean,productSearch,resultSet.cacheHit,6,0,
bl20261006-r00-audifonos-filter-B,audifonos,filter,clean,productSearch,local.buildFacets,6,21,
bl20261006-r00-audifonos-filter-B,audifonos,filter,clean,productSearch,local.filter,27,0,
bl20261006-r00-audifonos-filter-B,audifonos,filter,clean,productSearch,local.page,27,0,"{""hydrated"":44,""recordsFiltered"":44,""returned"":44}"
bl20261006-r00-smart-tv-first-A,smart-tv,first,invalid,facets,compatibilityArgs,0,0,
bl20261006-r00-smart-tv-first-A,smart-tv,first,invalid,facets,settings,1,6,
bl20261006-r00-smart-tv-first-A,smart-tv,first,invalid,facets,gopersonal.search,7,811,"{""ids"":107}"
bl20261006-r00-smart-tv-first-A,smart-tv,first,invalid,facets,catalog.batch0,818,429,"{""ids"":50,""found"":50}"
bl20261006-r00-smart-tv-first-A,smart-tv,first,invalid,facets,catalog.batch2,819,482,"{""ids"":7,""found"":7}"
bl20261006-r00-smart-tv-first-A,smart-tv,first,invalid,facets,catalog.batch1,819,914,"{""ids"":50,""found"":50}"
bl20261006-r00-smart-tv-first-A,smart-tv,first,invalid,facets,catalog.hydrate,818,918,"{""requested"":107,""found"":107}"
bl20261006-r00-smart-tv-first-A,smart-tv,first,invalid,facets,vbase.filterableFields,1737,63,"{""knownFields"":1068}"
bl20261006-r00-smart-tv-first-A,smart-tv,first,invalid,facets,catalog.unknownFields,1801,0,"{""unknown"":0}"
bl20261006-r00-smart-tv-first-A,smart-tv,first,invalid,facets,catalog.filterableFields,1737,64,"{""fields"":65,""filterable"":11}"
bl20261006-r00-smart-tv-first-A,smart-tv,first,invalid,facets,resultSet.load,7,1794,
bl20261006-r00-smart-tv-first-A,smart-tv,first,invalid,facets,local.buildFacets,1801,66,
bl20261006-r00-smart-tv-first-A,smart-tv,first,invalid,facets,local.filter,1867,0,
bl20261006-r00-smart-tv-first-A,smart-tv,first,invalid,facets,local.page,1867,0,"{""hydrated"":107,""recordsFiltered"":107,""facetGroups"":14}"
bl20261006-r00-smart-tv-first-A,smart-tv,first,invalid,productSearch,compatibilityArgs,0,0,
bl20261006-r00-smart-tv-first-A,smart-tv,first,invalid,productSearch,settings,0,6,
bl20261006-r00-smart-tv-first-A,smart-tv,first,invalid,productSearch,resultSet.awaitInflight,6,1691,
bl20261006-r00-smart-tv-first-A,smart-tv,first,invalid,productSearch,local.buildFacets,1763,53,
bl20261006-r00-smart-tv-first-A,smart-tv,first,invalid,productSearch,local.filter,1816,0,
bl20261006-r00-smart-tv-first-A,smart-tv,first,invalid,productSearch,local.page,1816,0,"{""hydrated"":107,""recordsFiltered"":107,""returned"":48}"
bl20261006-r00-smart-tv-first-A,smart-tv,first,invalid,productSearch,compatibilityArgs,0,0,
bl20261006-r00-smart-tv-first-A,smart-tv,first,invalid,productSearch,settings,0,6,
bl20261006-r00-smart-tv-first-A,smart-tv,first,invalid,productSearch,resultSet.cacheHit,6,0,
bl20261006-r00-smart-tv-first-A,smart-tv,first,invalid,productSearch,local.buildFacets,6,60,
bl20261006-r00-smart-tv-first-A,smart-tv,first,invalid,productSearch,local.filter,66,0,
bl20261006-r00-smart-tv-first-A,smart-tv,first,invalid,productSearch,local.page,66,0,"{""hydrated"":107,""recordsFiltered"":107,""returned"":48}"
bl20261006-r00-smart-tv-first-A,smart-tv,first,invalid,facets,compatibilityArgs,1,0,
bl20261006-r00-smart-tv-first-A,smart-tv,first,invalid,facets,settings,1,8,
bl20261006-r00-smart-tv-first-A,smart-tv,first,invalid,facets,resultSet.cacheHit,9,0,
bl20261006-r00-smart-tv-first-A,smart-tv,first,invalid,facets,local.buildFacets,9,52,
bl20261006-r00-smart-tv-first-A,smart-tv,first,invalid,facets,local.filter,61,0,
bl20261006-r00-smart-tv-first-A,smart-tv,first,invalid,facets,local.page,61,0,"{""hydrated"":107,""recordsFiltered"":107,""facetGroups"":14}"
bl20261006-r00-smart-tv-first-A,smart-tv,first,invalid,productSearch,compatibilityArgs,0,0,
bl20261006-r00-smart-tv-first-A,smart-tv,first,invalid,productSearch,settings,0,5,
bl20261006-r00-smart-tv-first-A,smart-tv,first,invalid,productSearch,gopersonal.search,5,457,"{""ids"":107}"
bl20261006-r00-smart-tv-first-A,smart-tv,first,invalid,productSearch,catalog.batch1,462,645,"{""ids"":50,""found"":50}"
bl20261006-r00-smart-tv-first-A,smart-tv,first,invalid,productSearch,catalog.batch2,462,691,"{""ids"":7,""found"":7}"
bl20261006-r00-smart-tv-first-A,smart-tv,first,invalid,productSearch,catalog.batch0,462,827,"{""ids"":50,""found"":50}"
bl20261006-r00-smart-tv-first-A,smart-tv,first,invalid,productSearch,catalog.hydrate,462,828,"{""requested"":107,""found"":107}"
bl20261006-r00-smart-tv-first-A,smart-tv,first,invalid,productSearch,filterableFields.memoryHit,1291,0,"{""knownFields"":1068}"
bl20261006-r00-smart-tv-first-A,smart-tv,first,invalid,productSearch,catalog.filterableFields,1290,1,"{""fields"":65,""filterable"":11}"
bl20261006-r00-smart-tv-first-A,smart-tv,first,invalid,productSearch,resultSet.load,5,1286,
bl20261006-r00-smart-tv-first-A,smart-tv,first,invalid,productSearch,local.buildFacets,1291,61,
bl20261006-r00-smart-tv-first-A,smart-tv,first,invalid,productSearch,local.filter,1352,0,
bl20261006-r00-smart-tv-first-A,smart-tv,first,invalid,productSearch,local.page,1352,0,"{""hydrated"":107,""recordsFiltered"":107,""returned"":50}"
bl20261006-r00-smart-tv-first-A,smart-tv,first,invalid,productSearch,compatibilityArgs,0,0,
bl20261006-r00-smart-tv-first-A,smart-tv,first,invalid,productSearch,settings,0,6,
bl20261006-r00-smart-tv-first-A,smart-tv,first,invalid,productSearch,resultSet.cacheHit,6,0,
bl20261006-r00-smart-tv-first-A,smart-tv,first,invalid,productSearch,local.buildFacets,6,49,
bl20261006-r00-smart-tv-first-A,smart-tv,first,invalid,productSearch,local.filter,55,0,
bl20261006-r00-smart-tv-first-A,smart-tv,first,invalid,productSearch,local.page,55,0,"{""hydrated"":107,""recordsFiltered"":107,""returned"":50}"
bl20261006-r00-smart-tv-first-A,smart-tv,first,invalid,productSearch,compatibilityArgs,0,0,
bl20261006-r00-smart-tv-first-A,smart-tv,first,invalid,productSearch,settings,0,5,
bl20261006-r00-smart-tv-first-A,smart-tv,first,invalid,productSearch,resultSet.cacheHit,5,0,
bl20261006-r00-smart-tv-first-A,smart-tv,first,invalid,productSearch,local.buildFacets,5,50,
bl20261006-r00-smart-tv-first-A,smart-tv,first,invalid,productSearch,local.filter,55,0,
bl20261006-r00-smart-tv-first-A,smart-tv,first,invalid,productSearch,local.page,55,0,"{""hydrated"":107,""recordsFiltered"":107,""returned"":7}"
bl20261006-r00-smart-tv-first-A,smart-tv,first,invalid,productSearch,compatibilityArgs,0,0,
bl20261006-r00-smart-tv-first-A,smart-tv,first,invalid,productSearch,settings,0,6,
bl20261006-r00-smart-tv-first-A,smart-tv,first,invalid,facets,compatibilityArgs,0,0,
bl20261006-r00-smart-tv-first-A,smart-tv,first,invalid,facets,settings,0,7,
bl20261006-r00-smart-tv-first-A,smart-tv,first,invalid,facets,resultSet.cacheHit,7,0,
bl20261006-r00-smart-tv-first-A,smart-tv,first,invalid,facets,local.buildFacets,7,60,
bl20261006-r00-smart-tv-first-A,smart-tv,first,invalid,facets,local.filter,67,0,
bl20261006-r00-smart-tv-first-A,smart-tv,first,invalid,facets,local.page,67,0,"{""hydrated"":107,""recordsFiltered"":107,""facetGroups"":14}"
bl20261006-r00-smart-tv-first-A,smart-tv,first,invalid,productSearch,compatibilityArgs,0,0,
bl20261006-r00-smart-tv-first-A,smart-tv,first,invalid,productSearch,settings,0,838,
bl20261006-r00-smart-tv-first-A,smart-tv,first,invalid,productSearch,resultSet.cacheHit,838,0,
bl20261006-r00-smart-tv-first-A,smart-tv,first,invalid,productSearch,local.buildFacets,838,56,
bl20261006-r00-smart-tv-first-A,smart-tv,first,invalid,productSearch,local.filter,894,0,
bl20261006-r00-smart-tv-first-A,smart-tv,first,invalid,productSearch,local.page,894,0,"{""hydrated"":107,""recordsFiltered"":107,""returned"":48}"
bl20261006-r00-smart-tv-repeat-B,smart-tv,repeat,invalid,facets,compatibilityArgs,0,0,
bl20261006-r00-smart-tv-repeat-B,smart-tv,repeat,invalid,facets,settings,0,7,
bl20261006-r00-smart-tv-repeat-B,smart-tv,repeat,invalid,facets,resultSet.cacheHit,7,0,
bl20261006-r00-smart-tv-repeat-B,smart-tv,repeat,invalid,facets,local.buildFacets,7,60,
bl20261006-r00-smart-tv-repeat-B,smart-tv,repeat,invalid,facets,local.filter,67,0,
bl20261006-r00-smart-tv-repeat-B,smart-tv,repeat,invalid,facets,local.page,67,0,"{""hydrated"":107,""recordsFiltered"":107,""facetGroups"":14}"
bl20261006-r00-smart-tv-repeat-B,smart-tv,repeat,invalid,productSearch,compatibilityArgs,0,0,
bl20261006-r00-smart-tv-repeat-B,smart-tv,repeat,invalid,productSearch,settings,0,838,
bl20261006-r00-smart-tv-repeat-B,smart-tv,repeat,invalid,productSearch,resultSet.cacheHit,838,0,
bl20261006-r00-smart-tv-repeat-B,smart-tv,repeat,invalid,productSearch,local.buildFacets,838,56,
bl20261006-r00-smart-tv-repeat-B,smart-tv,repeat,invalid,productSearch,local.filter,894,0,
bl20261006-r00-smart-tv-repeat-B,smart-tv,repeat,invalid,productSearch,local.page,894,0,"{""hydrated"":107,""recordsFiltered"":107,""returned"":48}"
bl20261006-r00-smart-tv-repeat-B,smart-tv,repeat,invalid,productSearch,compatibilityArgs,0,0,
bl20261006-r00-smart-tv-repeat-B,smart-tv,repeat,invalid,productSearch,settings,0,5,
bl20261006-r00-smart-tv-repeat-B,smart-tv,repeat,invalid,productSearch,resultSet.cacheHit,5,0,
bl20261006-r00-smart-tv-repeat-B,smart-tv,repeat,invalid,productSearch,local.buildFacets,5,53,
bl20261006-r00-smart-tv-repeat-B,smart-tv,repeat,invalid,productSearch,local.filter,58,0,
bl20261006-r00-smart-tv-repeat-B,smart-tv,repeat,invalid,productSearch,local.page,58,0,"{""hydrated"":107,""recordsFiltered"":107,""returned"":48}"
bl20261006-r00-smart-tv-repeat-B,smart-tv,repeat,invalid,facets,compatibilityArgs,0,0,
bl20261006-r00-smart-tv-repeat-B,smart-tv,repeat,invalid,facets,settings,0,6,
bl20261006-r00-smart-tv-repeat-B,smart-tv,repeat,invalid,facets,resultSet.cacheHit,6,0,
bl20261006-r00-smart-tv-repeat-B,smart-tv,repeat,invalid,facets,local.buildFacets,6,64,
bl20261006-r00-smart-tv-repeat-B,smart-tv,repeat,invalid,facets,local.filter,70,0,
bl20261006-r00-smart-tv-repeat-B,smart-tv,repeat,invalid,facets,local.page,70,0,"{""hydrated"":107,""recordsFiltered"":107,""facetGroups"":14}"
bl20261006-r00-smart-tv-repeat-B,smart-tv,repeat,invalid,productSearch,compatibilityArgs,0,0,
bl20261006-r00-smart-tv-repeat-B,smart-tv,repeat,invalid,productSearch,settings,0,5,
bl20261006-r00-smart-tv-repeat-B,smart-tv,repeat,invalid,productSearch,resultSet.cacheHit,5,0,
bl20261006-r00-smart-tv-repeat-B,smart-tv,repeat,invalid,productSearch,local.buildFacets,5,51,
bl20261006-r00-smart-tv-repeat-B,smart-tv,repeat,invalid,productSearch,local.filter,56,0,
bl20261006-r00-smart-tv-repeat-B,smart-tv,repeat,invalid,productSearch,local.page,56,0,"{""hydrated"":107,""recordsFiltered"":107,""returned"":50}"
bl20261006-r00-smart-tv-repeat-B,smart-tv,repeat,invalid,productSearch,compatibilityArgs,0,0,
bl20261006-r00-smart-tv-repeat-B,smart-tv,repeat,invalid,productSearch,settings,0,17,
bl20261006-r00-smart-tv-repeat-B,smart-tv,repeat,invalid,productSearch,resultSet.cacheHit,17,0,
bl20261006-r00-smart-tv-repeat-B,smart-tv,repeat,invalid,productSearch,local.buildFacets,18,50,
bl20261006-r00-smart-tv-repeat-B,smart-tv,repeat,invalid,productSearch,local.filter,68,0,
bl20261006-r00-smart-tv-repeat-B,smart-tv,repeat,invalid,productSearch,local.page,68,0,"{""hydrated"":107,""recordsFiltered"":107,""returned"":50}"
bl20261006-r00-smart-tv-repeat-B,smart-tv,repeat,invalid,productSearch,compatibilityArgs,0,0,
bl20261006-r00-smart-tv-repeat-B,smart-tv,repeat,invalid,productSearch,settings,0,272,
bl20261006-r00-smart-tv-page2-A,smart-tv,page2,invalid,productSearch,compatibilityArgs,0,0,
bl20261006-r00-smart-tv-page2-A,smart-tv,page2,invalid,productSearch,settings,0,6,
bl20261006-r00-smart-tv-page2-A,smart-tv,page2,invalid,productSearch,gopersonal.search,6,638,"{""ids"":107}"
bl20261006-r00-smart-tv-page2-A,smart-tv,page2,invalid,productSearch,catalog.batch2,645,55,"{""ids"":7,""found"":7}"
bl20261006-r00-smart-tv-page2-A,smart-tv,page2,invalid,productSearch,catalog.batch0,644,147,"{""ids"":50,""found"":50}"
bl20261006-r00-smart-tv-page2-A,smart-tv,page2,invalid,productSearch,catalog.batch1,645,711,"{""ids"":50,""found"":50}"
bl20261006-r00-smart-tv-page2-A,smart-tv,page2,invalid,productSearch,catalog.hydrate,644,716,"{""requested"":107,""found"":107}"
bl20261006-r00-smart-tv-page2-A,smart-tv,page2,invalid,productSearch,vbase.filterableFields,1362,29,"{""knownFields"":1068}"
bl20261006-r00-smart-tv-page2-A,smart-tv,page2,invalid,productSearch,catalog.unknownFields,1391,0,"{""unknown"":0}"
bl20261006-r00-smart-tv-page2-A,smart-tv,page2,invalid,productSearch,catalog.filterableFields,1361,30,"{""fields"":65,""filterable"":11}"
bl20261006-r00-smart-tv-page2-A,smart-tv,page2,invalid,productSearch,resultSet.load,6,1385,
bl20261006-r00-smart-tv-page2-A,smart-tv,page2,invalid,productSearch,local.buildFacets,1391,70,
bl20261006-r00-smart-tv-page2-A,smart-tv,page2,invalid,productSearch,local.filter,1461,0,
bl20261006-r00-smart-tv-page2-A,smart-tv,page2,invalid,productSearch,local.page,1461,0,"{""hydrated"":107,""recordsFiltered"":107,""returned"":48}"
bl20261006-r00-smart-tv-filter-B,smart-tv,filter,invalid,productSearch,compatibilityArgs,0,1,
bl20261006-r00-smart-tv-filter-B,smart-tv,filter,invalid,productSearch,settings,1,5,
bl20261006-r00-smart-tv-filter-B,smart-tv,filter,invalid,productSearch,resultSet.cacheHit,6,0,
bl20261006-r00-smart-tv-filter-B,smart-tv,filter,invalid,productSearch,local.buildFacets,6,57,
bl20261006-r00-smart-tv-filter-B,smart-tv,filter,invalid,productSearch,local.filter,63,5,
bl20261006-r00-smart-tv-filter-B,smart-tv,filter,invalid,productSearch,local.page,68,0,"{""hydrated"":107,""recordsFiltered"":38,""returned"":38}"
bl20261006-r00-smart-tv-filter-B,smart-tv,filter,invalid,facets,compatibilityArgs,0,0,
bl20261006-r00-smart-tv-filter-B,smart-tv,filter,invalid,facets,settings,0,5,
bl20261006-r00-smart-tv-filter-B,smart-tv,filter,invalid,facets,resultSet.cacheHit,5,0,
bl20261006-r00-smart-tv-filter-B,smart-tv,filter,invalid,facets,local.buildFacets,5,58,
bl20261006-r00-smart-tv-filter-B,smart-tv,filter,invalid,facets,local.filter,63,4,
bl20261006-r00-smart-tv-filter-B,smart-tv,filter,invalid,facets,local.page,67,0,"{""hydrated"":107,""recordsFiltered"":38,""facetGroups"":14}"
bl20261006-r00-smart-tv-filter-B,smart-tv,filter,invalid,productSearch,compatibilityArgs,0,0,
bl20261006-r00-smart-tv-filter-B,smart-tv,filter,invalid,productSearch,settings,0,5,
bl20261006-r00-smart-tv-filter-B,smart-tv,filter,invalid,productSearch,gopersonal.search,5,830,"{""ids"":107}"
bl20261006-r00-smart-tv-filter-B,smart-tv,filter,invalid,productSearch,catalog.batch2,836,104,"{""ids"":7,""found"":7}"
bl20261006-r00-smart-tv-filter-B,smart-tv,filter,invalid,productSearch,catalog.batch1,836,286,"{""ids"":50,""found"":50}"
bl20261006-r00-smart-tv-filter-B,smart-tv,filter,invalid,productSearch,catalog.batch0,836,539,"{""ids"":50,""found"":50}"
bl20261006-r00-smart-tv-filter-B,smart-tv,filter,invalid,productSearch,catalog.hydrate,835,541,"{""requested"":107,""found"":107}"
bl20261006-r00-smart-tv-filter-B,smart-tv,filter,invalid,productSearch,filterableFields.memoryHit,1377,0,"{""knownFields"":1068}"
bl20261006-r00-smart-tv-filter-B,smart-tv,filter,invalid,productSearch,catalog.filterableFields,1377,0,"{""fields"":65,""filterable"":11}"
bl20261006-r00-smart-tv-filter-B,smart-tv,filter,invalid,productSearch,resultSet.load,5,1372,
bl20261006-r00-smart-tv-filter-B,smart-tv,filter,invalid,productSearch,local.buildFacets,1377,56,
bl20261006-r00-smart-tv-filter-B,smart-tv,filter,invalid,productSearch,local.filter,1433,0,
bl20261006-r00-smart-tv-filter-B,smart-tv,filter,invalid,productSearch,local.page,1433,0,"{""hydrated"":107,""recordsFiltered"":107,""returned"":50}"
bl20261006-r00-smart-tv-filter-B,smart-tv,filter,invalid,productSearch,compatibilityArgs,0,0,
bl20261006-r00-smart-tv-filter-B,smart-tv,filter,invalid,productSearch,settings,0,5,
bl20261006-r00-smart-tv-filter-B,smart-tv,filter,invalid,productSearch,resultSet.cacheHit,5,0,
bl20261006-r00-smart-tv-filter-B,smart-tv,filter,invalid,productSearch,local.buildFacets,5,51,
bl20261006-r00-smart-tv-filter-B,smart-tv,filter,invalid,productSearch,local.filter,56,0,
bl20261006-r00-smart-tv-filter-B,smart-tv,filter,invalid,productSearch,local.page,56,0,"{""hydrated"":107,""recordsFiltered"":107,""returned"":50}"
bl20261006-r00-smart-tv-filter-B,smart-tv,filter,invalid,productSearch,compatibilityArgs,0,0,
bl20261006-r00-smart-tv-filter-B,smart-tv,filter,invalid,productSearch,settings,0,5,
bl20261006-r00-smart-tv-filter-B,smart-tv,filter,invalid,productSearch,resultSet.cacheHit,6,0,
bl20261006-r00-smart-tv-filter-B,smart-tv,filter,invalid,productSearch,local.buildFacets,6,51,
bl20261006-r00-smart-tv-filter-B,smart-tv,filter,invalid,productSearch,local.filter,57,0,
bl20261006-r00-smart-tv-filter-B,smart-tv,filter,invalid,productSearch,local.page,57,0,"{""hydrated"":107,""recordsFiltered"":107,""returned"":7}"
bl20261006-r00-jbl-page2-nocache-C,jbl,page2-nocache,invalid,productSearch,compatibilityArgs,0,24,
bl20261006-r00-jbl-page2-nocache-C,jbl,page2-nocache,invalid,productSearch,settings,24,5,
bl20261006-r00-jbl-page2-nocache-C,jbl,page2-nocache,invalid,productSearch,gopersonal.search,29,1053,"{""ids"":250}"
bl20261006-r00-jbl-page2-nocache-C,jbl,page2-nocache,invalid,productSearch,catalog.batch1,1082,526,"{""ids"":50,""found"":50}"
bl20261006-r00-jbl-page2-nocache-C,jbl,page2-nocache,invalid,productSearch,catalog.batch4,1083,789,"{""ids"":50,""found"":50}"
bl20261006-r00-jbl-page2-nocache-C,jbl,page2-nocache,invalid,productSearch,catalog.batch0,1082,816,"{""ids"":50,""found"":50}"
bl20261006-r00-jbl-page2-nocache-C,jbl,page2-nocache,invalid,productSearch,catalog.batch3,1083,833,"{""ids"":50,""found"":50}"
bl20261006-r00-jbl-page2-nocache-C,jbl,page2-nocache,invalid,productSearch,catalog.batch2,1083,1809,"{""ids"":50,""found"":50}"
bl20261006-r00-jbl-page2-nocache-C,jbl,page2-nocache,invalid,productSearch,catalog.hydrate,1082,1818,"{""requested"":250,""found"":250}"
bl20261006-r00-jbl-page2-nocache-C,jbl,page2-nocache,invalid,productSearch,filterableFields.memoryHit,2900,1,"{""knownFields"":1068}"
bl20261006-r00-jbl-page2-nocache-C,jbl,page2-nocache,invalid,productSearch,catalog.filterableFields,2900,1,"{""fields"":129,""filterable"":20}"
bl20261006-r00-jbl-page2-nocache-C,jbl,page2-nocache,invalid,productSearch,resultSet.load,29,2872,
bl20261006-r00-jbl-page2-nocache-C,jbl,page2-nocache,invalid,productSearch,local.buildFacets,2901,151,
bl20261006-r00-jbl-page2-nocache-C,jbl,page2-nocache,invalid,productSearch,local.filter,3052,0,
bl20261006-r00-jbl-page2-nocache-C,jbl,page2-nocache,invalid,productSearch,local.page,3052,0,"{""hydrated"":250,""recordsFiltered"":250,""returned"":48}"
