perfRun,round,warmup,term,condition,slot,action,startedAt,outcome,status,invalidReason,error,expectedCache,observedCache,productsSource,productsVisibleMs,counterSettledMs,responseEndMs,productSearchMs,facetsMs,pickRuntimeMs,ttfbMs,htmlReceivedMs,cloudfrontRetry,visible,returned,recordsFiltered,hydrated,requestedFromGP,filterCorrect,pageCorrect,visibleMatchesResponse,resolverProductSearchMs,resolverFacetsMs,gopersonalMs,hydrateMs,batches,batchMinMs,batchMaxMs,vbaseMs,unknownFields,unknownFieldsMs,buildFacetsMs,filterMs,awaitInflightMs,settingsMs,msSinceRestart,workerBootId,workerRequestNumber,logsMatched,logsByTime,resolverCalls,resolverLoads,resolverLoadTotalMs,resultSetLoadMs,filterableFieldsMs,knownFieldsSource
smoke3-r00-jbl-first-A,0,false,jbl,first,A,search,2026-10-06T17:32:58.482Z,success,invalid,restart-window,,miss,miss,pickRuntime,12236.1,12236.1,6495.3,847,589.7,6415.4,,,,48,48,250,250,250,,,true,389,116,765,1360,5,675,1352,69,0,0,113,0,2156,5,10487,cscs10y0,1,11,4,10,2,2594,2195,69,vbase
smoke3-r00-jbl-repeat-B,0,false,jbl,repeat,B,search,2026-10-06T17:33:11.670Z,success,invalid,restart-window,,hit,hit,pickRuntime,7430.8,7430.8,1816.3,1060.4,1270.4,1723.5,,,,48,48,250,250,,,,true,118,134,,,,,,,,,101,10,,5,23675,cscs10y0,14,9,2,8,0,,,,
smoke3-r00-jbl-page2-A,0,false,jbl,page2,A,page2,2026-10-06T17:33:19.908Z,success,invalid,restart-window,,hit,hit,client,7154.7,7154.7,2234.3,1729.3,,,,,,48,48,250,250,,,true,true,257,,,,,,,,,,100,0,,11,31913,cscs10y0,19,1,0,1,0,,,,
smoke3-r00-jbl-filter-B,0,false,jbl,filter,B,filter,2026-10-06T17:33:27.736Z,success,invalid,restart-window,,hit,hit,client,1444.1,6160.3,1444.1,1496.6,347.7,,,,,48,48,125,250,,true,,true,280,129,,,,,,,,,114,17,,6,39741,cscs10y0,22,7,0,7,0,,,,
smoke3-r00-audifonos-first-A,0,false,audifonos,first,A,search,2026-10-06T17:34:07.697Z,success,invalid,restart-window,,miss,miss,pickRuntime,11429.4,11429.4,4816.6,1323.5,499,4724.6,,,,44,44,44,44,44,,,true,1857,28,534,1209,1,1208,1208,,,,18,0,1743,7,19648,tphd1tmz,15,6,2,5,2,1889,1744,1,memory
smoke3-r00-audifonos-repeat-B,0,false,audifonos,repeat,B,search,2026-10-06T17:34:20.025Z,success,invalid,restart-window,,hit,miss,client,8588.8,8588.8,5740.3,1626,1351.9,3339,,,,44,44,44,44,44,,,true,696,1070,693,119,1,117,117,30,0,0,20,0,717,47,31976,smokfauv,1,4,0,3,2,1070,843,31,vbase
smoke3-r00-audifonos-filter-B,0,false,audifonos,filter,B,filter,2026-10-06T17:34:29.356Z,success,invalid,restart-window,,hit,hit,client,6979.1,6979.1,2985.9,376.4,459.9,,,,,6,6,6,44,,true,,true,46,28,,,,,,,,,19,2,,6,41307,smokfauv,6,5,2,5,0,,,,
smoke3-r00-smart-tv-first-A,0,false,smart-tv,first,A,search,2026-10-06T17:34:51.655Z,success,clean,,,miss,miss,pickRuntime,11163,11163,3840.1,1022.1,493.4,3715,,,,48,48,107,107,107,,,true,252,80,1361,752,3,315,749,,,,53,0,2114,7,63606,smokfauv,20,10,4,9,2,2439,2114,1,memory
smoke3-r00-smart-tv-repeat-B,0,false,smart-tv,repeat,B,search,2026-10-06T17:35:04.199Z,success,clean,,,hit,hit,pickRuntime,9796.9,9796.9,1468.8,1287.7,508.6,1352.6,,,,48,48,107,107,,,,true,58,78,,,,,,,,,52,0,,5,1118,smokfauv,32,8,2,7,0,,,,
smoke3-r00-smart-tv-page2-A,0,false,smart-tv,page2,A,page2,2026-10-06T17:35:15.174Z,success,invalid,restart-window,,hit,hit,client,7783.1,7783.1,1671.1,939.1,,,,,,48,48,107,107,,,true,true,250,,,,,,,,,,51,0,,5,12093,smokfauv,36,1,0,1,0,,,,
smoke3-r00-smart-tv-filter-B,0,false,smart-tv,filter,B,filter,2026-10-06T17:35:24.370Z,success,invalid,restart-window,,hit,miss,client,7259.1,7259.1,4701.8,4417.6,4089.6,,,,,38,38,38,107,107,true,,true,3641,68,668,2132,3,220,2131,,,,57,4,2800,545,21289,smokfauv,37,5,2,5,1,3641,2801,1,memory
smoke3-r00-jbl-page2-nocache-C,0,false,jbl,page2-nocache,C,page2,2026-10-06T17:36:13.965Z,success,invalid,restart-window,,miss,miss,client,12856.7,12856.7,5991.1,4506.4,,,,,,48,48,250,250,250,,true,true,3193,,1165,1727,5,670,1720,,,,107,0,,5,10952,k3kg4pew,15,1,0,1,1,3193,2893,0,memory
smoke3-r00-smart-tv-page2-nocache-C,0,false,smart-tv,page2-nocache,C,page2,2026-10-06T17:36:48.966Z,success,invalid,restart-window,,miss,miss,client,11258.1,11258.1,4544.9,3848,,,,,,48,48,107,107,107,,true,true,2205,,667,902,3,100,897,69,0,1,71,0,,260,45953,d9t00y7x,1,1,0,1,1,2205,1640,71,vbase
smoke3-r00-jbl-filter-nocache-D,0,false,jbl,filter-nocache,D,filter,2026-10-06T17:37:03.947Z,success,invalid,cold-process,,miss,miss,client,8339.6,8339.6,4728.9,4340.6,3909.4,,,,,48,48,125,250,250,true,,true,3359,3408,1016,1684,5,192,1676,,,,101,17,2691,7,893,d9t00y7x,2,7,0,7,2,3408,2702,1,memory
smoke3-r00-audifonos-filter-nocache-D,0,false,audifonos,filter-nocache,D,filter,2026-10-06T17:37:13.194Z,success,invalid,restart-window,,miss,miss,client,5947,5947,2062.2,1742.2,3945,,,,,6,6,6,44,44,true,,true,1178,1104,981,129,1,127,127,,,,20,1,1038,6,10140,d9t00y7x,7,3,0,3,2,1178,1110,0,memory
smoke3-r00-smart-tv-filter-nocache-D,0,false,smart-tv,filter-nocache,D,filter,2026-10-06T17:37:36.427Z,success,invalid,restart-window,,miss,miss,client,3259.5,8407.2,3259.5,2922.1,2906.4,,,,,38,38,38,107,107,true,,true,1685,2258,431,187,3,59,184,,,,54,5,1401,6,33373,d9t00y7x,14,5,0,5,2,687,619,1,memory
smoke3-r00-jbl-direct-nocache-E,0,false,jbl,direct-nocache,E,direct,2026-10-06T17:37:48.239Z,success,invalid,restart-window,,miss,miss,,18623.8,,,,,,6515,9698.3,true,48,,,250,250,,,,2789,2771,745,1280,5,445,1279,,,,104,0,2417,6,45185,d9t00y7x,17,4,2,4,2,2386,2027,0,memory
smoke3-r00-jbl-direct-cache-E,0,false,jbl,direct-cache,E,direct,2026-10-06T17:38:07.413Z,success,invalid,restart-window,,hit,miss,,18217.4,,,,,,7114.4,10059.8,true,48,,,250,250,,,,131,1925,899,1103,5,463,1096,25,0,0,111,10,2028,163,4394,kaw0xxji,1,6,2,6,3,2601,2029,26,vbase
smoke3-r00-audifonos-direct-nocache-E,0,false,audifonos,direct-nocache,E,direct,2026-10-06T17:38:26.205Z,success,invalid,restart-window,,miss,miss,,12529.7,,,,,,3343.4,6216,true,44,,,44,44,,,,165,33,404,305,1,304,304,,,,21,0,721,5,23186,kaw0xxji,7,7,4,7,3,850,709,0,memory
smoke3-r00-audifonos-direct-cache-E,0,false,audifonos,direct-cache,E,direct,2026-10-06T17:38:39.263Z,success,invalid,restart-window,,hit,hit,,9864.1,,,,,,1004.7,3859.2,true,44,,,44,,,,,27,39,,,,,,,,,19,0,,6,36244,kaw0xxji,16,5,2,5,0,,,,
smoke3-r00-smart-tv-direct-nocache-E,0,false,smart-tv,direct-nocache,E,direct,2026-10-06T17:38:49.542Z,timeout,timeout,restart-window,timeout waiting for products on direct load,miss,miss,,,,,,,,,,,,,,107,107,,,,1896,1672,562,1015,3,436,1012,,,,54,0,1363,6,46523,kaw0xxji,17,2,2,2,1,1896,1578,1,memory
smoke3-r00-smart-tv-direct-cache-E,0,false,smart-tv,direct-cache,E,direct,2026-10-06T17:40:19.635Z,success,invalid,restart-window,,hit,miss,,21953.8,,,,,,9842.1,12740.7,true,48,,,107,107,,,,64,2421,756,1878,3,103,1874,49,0,0,53,0,2101,162,1678,u8ch9238,1,6,2,6,3,3202,2684,49,vbase
